{
  "efficientnet": {
    "display_name": "EfficientNet-B0",
    "accuracy": 0.3742049878579964,
    "macro_f1": 0.09994635197280019,
    "weighted_f1": 0.49663792931446227,
    "ece": 0.4543386547568584,
    "negative_log_likelihood": 4.721504174242424,
    "brier_score": 1.0077839286205856,
    "time_sec": 6166.384977817535,
    "per_class": {
      "Center": {
        "precision": 0.01918649270913277,
        "recall": 0.03881987577639751,
        "f1": 0.025680534155110426,
        "support": 644
      },
      "Donut": {
        "precision": 0.07142857142857142,
        "recall": 0.012048192771084338,
        "f1": 0.020618556701030927,
        "support": 83
      },
      "Edge-Loc": {
        "precision": 0.03772455089820359,
        "recall": 0.08087291399229782,
        "f1": 0.051449571253572884,
        "support": 779
      },
      "Edge-Ring": {
        "precision": 0.14792092706203136,
        "recall": 0.1494490358126722,
        "f1": 0.1486810551558753,
        "support": 1452
      },
      "Loc": {
        "precision": 0.022321428571428572,
        "recall": 0.027829313543599257,
        "f1": 0.02477291494632535,
        "support": 539
      },
      "Near-full": {
        "precision": 0.00268323683095608,
        "recall": 0.8636363636363636,
        "f1": 0.005349852175137266,
        "support": 22
      },
      "Random": {
        "precision": 0.024991779020059193,
        "recall": 0.5846153846153846,
        "f1": 0.04793440555029959,
        "support": 130
      },
      "Scratch": {
        "precision": 0.005952380952380952,
        "recall": 0.00558659217877095,
        "f1": 0.005763688760806916,
        "support": 179
      },
      "none": {
        "precision": 0.8825876318039327,
        "recall": 0.4201220890798101,
        "f1": 0.5692665890570431,
        "support": 22115
      }
    },
    "epoch_history": {
      "train_loss": [
        1.2666997592321416,
        0.9236641611091791,
        0.824052249350189,
        0.7746649617473864,
        0.7396055827035329,
        0.7325551193223503,
        0.6914792011066634,
        0.6856126911868771,
        0.6532704094362686,
        0.655203370964906
      ],
      "train_acc": [
        0.6661187471089671,
        0.7641330205511134,
        0.7915978325513778,
        0.8035997488931474,
        0.8173280248463622,
        0.8229531487477698,
        0.8308084979845372,
        0.8403406462697416,
        0.8426617326372827,
        0.8463126941122051
      ],
      "val_loss": [
        29.460234193749862,
        123.34797286176739,
        20.51379115080285,
        80.78939692546659,
        43.59777939887099,
        57.184461896073884,
        67.01438130895133,
        78.16679484707367,
        28.461401873627786,
        58.391895404406235
      ],
      "val_acc": [
        0.2470415911806653,
        0.36819180511120536,
        0.22113865011756542,
        0.37921597348032227,
        0.2525536753652238,
        0.26492695524804377,
        0.33064795898701,
        0.2587210422850094,
        0.24565393362371352,
        0.30886944455151677
      ],
      "val_macro_f1": [
        0.08280772316839918,
        0.09764708231314687,
        0.09002281603554411,
        0.09923515573825793,
        0.08021458036583907,
        0.08423839386763898,
        0.09162705123424061,
        0.08058408771269973,
        0.0769392172068123,
        0.08943835770608967
      ],
      "learning_rate": [
        0.0001,
        0.0001,
        0.0001,
        0.0001,
        0.0001,
        0.0001,
        0.0001,
        0.0001,
        5e-05,
        5e-05
      ],
      "total_time": 6166.355094194412,
      "best_epoch": 4,
      "best_metric": 0.09923515573825793,
      "best_metric_name": "val_macro_f1",
      "best_val_acc": 0.37921597348032227,
      "best_val_loss": 80.78939692546659,
      "epochs_ran": 10,
      "stopped_early": false,
      "mixed_precision": false,
      "drw_epoch": null,
      "adaptive_rebalance": false,
      "use_ema": false,
      "ema_decay": null
    },
    "calibrated_metrics": {
      "temperature": 2.432863712310791,
      "ece": 0.2748891650080722,
      "brier_score": 0.7810702780761343
    }
  }
}